paths,
BF-001-N.jpg,
BF-002-N.jpg,
BF-003-N.jpg,
BF-004-N.jpg,
BF-005-N.jpg,
BF-006-N.jpg,
BF-007-N.jpg,
BF-008-N.jpg,
BF-009-N.jpg,
BF-010-N.jpg,
BF-011-N.jpg,
BF-012-N.jpg,
BF-013-N.jpg,
BF-014-N.jpg,
BF-015-N.jpg,
BF-016-N.jpg,
BF-017-N.jpg,
BF-018-N.jpg,
BF-019-N.jpg,
BF-020-N.jpg,
BF-021-N.jpg,
BF-023-N.jpg,
BF-024-N.jpg,
BF-025-N.jpg,
BF-027-N.jpg,
BF-028-N.jpg,
BF-029-N.jpg,
BF-030-N.jpg,
BF-031-N.jpg,
BF-032-N.jpg,
BF-033-N.jpg,
BF-034-N.jpg,
BF-035-N.jpg,
BF-036-N.jpg,
BF-037-N.jpg,
BF-038-N.jpg,
BF-039-N.jpg,
BF-040-N.jpg,
BF-041-N.jpg,
BF-042-N.jpg,
BF-043-N.jpg,
BF-044-N.jpg,
BF-045-N.jpg,
BF-047-N.jpg,
BF-048-N.jpg,
BF-049-N.jpg,
BF-050-N.jpg,
BF-051-N.jpg,
BM-200-N.jpg,
BM-202-N.jpg,
BM-203-N.jpg,
BM-204-N.jpg,
BM-205-N.jpg,
BM-207-N.jpg,
WF-001-N.jpg,
WF-002-N.jpg,
WF-003-N.jpg,
WF-005-N.jpg,
WF-006-N.jpg,
WF-007-N.jpg,
WF-008-N.jpg,
WF-009-N.jpg,
WF-010-N.jpg,
WF-011-N.jpg,
WF-012-N.jpg,
WF-013-N.jpg,
WF-014-N.jpg,
WF-015-N.jpg,
WF-016-N.jpg,
WF-017-N.jpg,
WF-018-N.jpg,
WF-019-N.jpg,
WF-020-N.jpg,
WF-021-N.jpg,
WF-022-N.jpg,
WF-023-N.jpg,
WF-024-N.jpg,
WF-025-N.jpg,
WF-026-N.jpg,
WF-027-N.jpg,
WF-028-N.jpg,
WF-029-N.jpg,
WF-030-N.jpg,
WF-031-N.jpg,
WF-033-N.jpg,
WF-034-N.jpg,
WF-035-N.jpg,
WF-036-N.jpg,
WF-037-N.jpg,
WF-038-N.jpg,
WF-039-N.jpg,
WM-200-N.jpg,
WM-201-N.jpg,
WM-202-N.jpg,
WM-203-N.jpg,
WM-204-N.jpg,
WM-205-N.jpg,
WM-206-N.jpg,
WM-207-N.jpg,
WM-208-N.jpg,
WM-209-N.jpg,
WM-210-N.jpg,
WM-211-N.jpg,
WM-212-N.jpg,
WM-213-N.jpg,
WM-214-N.jpg,
WM-215-N.jpg,
WM-216-N.jpg,
WM-217-N.jpg,
WM-218-N.jpg,
AF-200-N.jpg,
AF-201-N.jpg,
AF-202-N.jpg,
AF-203-N.jpg,
AF-204-N.jpg,
AF-205-N.jpg,
AF-206-N.jpg,
AF-207-N.jpg,
AF-208-N.jpg,
AF-209-N.jpg,
AF-210-N.jpg,
AF-211-N.jpg,
AF-212-N.jpg,
AF-213-N.jpg,
AF-214-N.jpg,
AF-215N.jpg,
AF-216-N.jpg,
AF-217-N.jpg,
AF-218-N.jpg,
AF-219-N.jpg,
AF-220-N.jpg,
AF-221-N.jpg,
AF-222-N.jpg,
AF-223-N.jpg,
AF-224-N.jpg,
AF-225-N.jpg,
AF-226-N.jpg,
AF-227-N.jpg,
AF-228-N.jpg,
AF-229-N.jpg,
AF-230-N.jpg,
AF-231-N.jpg,
AF-232-N.jpg,
AF-233-N.jpg,
AF-234-N.jpg,
AF-235-N.jpg,
AF-236-N.jpg,
AF-237-N.jpg,
AF-238-N.jpg,
AF-239-N.jpg,
AF-240-N.jpg,
AF-241-N.jpg,
AF-242-N.jpg,
AF-243-N.jpg,
AF-244-N.jpg,
AF-245-N.jpg,
AF-246-N.jpg,
AF-247-N.jpg,
AF-248-N.jpg,
AF-249-N.jpg,
AF-250-N.jpg,
AF-251-N.jpg,
AF-252-N.jpg,
AF-253-N.jpg,
AF-254-N.jpg,
AF-255-N.jpg,
AF-256-N.jpg,
AM-201-N.jpg,
AM-202-N.jpg,
AM-203-N.jpg,
AM-204-N.jpg,
AM-205-N.jpg,
AM-206-N.jpg,
AM-207-N.jpg,
AM-208-N.jpg,
AM-209-N.jpg,
AM-210-N.jpg,
AM-211-N.jpg,
AM-212-N.jpg,
AM-213-N.jpg,
AM-214-N.jpg,
AM-215-N.jpg,
AM-216-N.jpg,
AM-217-N.jpg,
AM-218-N.jpg,
AM-219-N.jpg,
AM-220-N.jpg,
AM-221-N.jpg,
AM-223-N.jpg,
AM-224-N.jpg,
AM-225-N.jpg,
AM-226-N.jpg,
AM-227-N.jpg,
AM-228-N.jpg,
AM-229-N.jpg,
AM-230-N.jpg,
AM-231-N.jpg,
AM-232-N.jpg,
AM-233-N.jpg,
AM-234-N.jpg,
AM-235-N.jpg,
AM-236-N.jpg,
AM-237-N.jpg,
AM-238-N.jpg,
AM-239-N.jpg,
AM-240-N.jpg,
AM-241-N.jpg,
AM-242-N.jpg,
AM-243-N.jpg,
AM-244-N.jpg,
AM-245-N.jpg,
AM-246-N.jpg,
AM-247-N.jpg,
AM-248-N.jpg,
AM-249-N.jpg,
AM-250-N.jpg,
AM-251-N.jpg,
AM-252-N.jpg,
AM-253-N.jpg,
BF-200-N.jpg,
BF-201-N.jpg,
BF-202-N.jpg,
BF-203-N.jpg,
BF-204-N.jpg,
BF-205-N.jpg,
BF-206-N.jpg,
BF-207-N.jpg,
BF-208-N.jpg,
BF-209-N.jpg,
BF-210-N.jpg,
BF-211-N.jpg,
BF-212-N.jpg,
BF-213-N.jpg,
BF-214-N.jpg,
BF-215-N.jpg,
BF-216-N.jpg,
BF-217-N.jpg,
BF-218-N.jpg,
BF-219-N.jpg,
BF-220-N.jpg,
BF-221-N.jpg,
BF-222-N.jpg,
BF-223-N.jpg,
BF-224-N.jpg,
BF-225-N.jpg,
BF-226-N.jpg,
BF-227-N.jpg,
BF-228-N.jpg,
BF-229-N.jpg,
BF-230-N.jpg,
BF-231-N.jpg,
BF-232-N.jpg,
BF-233-N.jpg,
BF-234-N.jpg,
BF-235-N.jpg,
BF-236-N.jpg,
BF-237-N.jpg,
BF-238-N.jpg,
BF-239-N.jpg,
BF-240-N.jpg,
BF-241-N.jpg,
BF-242-N.jpg,
BF-243-N.jpg,
BF-244-N.jpg,
BF-245-N.jpg,
BF-246-N.jpg,
BF-247-N.jpg,
BF-248-N.jpg,
BF-249-N.jpg,
BF-250-N.jpg,
BF-251-N.jpg,
BF-252-N.jpg,
BF-253-N.jpg,
BF-254-N.jpg,
BF-255-N.jpg,
BM-001-N.jpg,
BM-002-N.jpg,
BM-003-N.jpg,
BM-004-N.jpg,
BM-005-N.jpg,
BM-009-N.jpg,
BM-010-N.jpg,
BM-011-N.jpg,
BM-012-N.jpg,
BM-013-N.jpg,
BM-015-N.jpg,
BM-016-N.jpg,
BM-017-N.jpg,
BM-018-N.jpg,
BM-019-N.jpg,
BM-020-N.jpg,
BM-021-N.jpg,
BM-022-N.jpg,
BM-023-N.jpg,
BM-024-N.jpg,
BM-025-N.jpg,
BM-026-N.jpg,
BM-027-N.jpg,
BM-028-N.jpg,
BM-029-N.jpg,
BM-030-N.jpg,
BM-031-N.jpg,
BM-032-N.jpg,
BM-033-N.jpg,
BM-034-N.jpg,
BM-036-N.jpg,
BM-037-N.jpg,
BM-038-N.jpg,
BM-039-N.jpg,
BM-040-N.jpg,
BM-041-N.jpg,
BM-043-N.jpg,
BM-044-N.jpg,
BM-045-N.jpg,
BM-046-N.jpg,
BM-201-N.jpg,
BM-206-N.jpg,
BM-208-N.jpg,
BM-209-N.jpg,
BM-210-N.jpg,
BM-211-N.jpg,
BM-212-N.jpg,
BM-213-N.jpg,
BM-214-N.jpg,
BM-215-N.jpg,
BM-216-N.jpg,
BM-217-N.jpg,
BM-218-N.jpg,
BM-219-N.jpg,
BM-221-N.jpg,
BM-222-N.jpg,
BM-223-N.jpg,
BM-224-N.jpg,
BM-225-N.jpg,
BM-226-N.jpg,
BM-227-N.jpg,
BM-228-N.jpg,
BM-229-N.jpg,
BM-230-N.jpg,
BM-231-N.jpg,
BM-232-N.jpg,
BM-233-N.jpg,
BM-234-N.jpg,
BM-235-N.jpg,
BM-236-N.jpg,
BM-237-N.jpg,
BM-238-N.jpg,
BM-239-N.jpg,
BM-240-N.jpg,
BM-241-N.jpg,
BM-242-N.jpg,
BM-243-N.jpg,
BM-244-N.jpg,
BM-245-N.jpg,
BM-246-N.jpg,
BM-247-N.jpg,
BM-248-N.jpg,
BM-249-N.jpg,
BM-250-N.jpg,
BM-251-N.jpg,
BM-252-N.jpg,
BM-253-N.jpg,
LF-200-N.jpg,
LF-201-N.jpg,
LF-202-N.jpg,
LF-203-N.jpg,
LF-204-N.jpg,
LF-205-N.jpg,
LF-206-N.jpg,
LF-207-N.jpg,
LF-208-N.jpg,
LF-209-N.jpg,
LF-210-N.jpg,
LF-211-N.jpg,
LF-212-N.jpg,
LF-213-N.jpg,
LF-214-N.jpg,
LF-215-N.jpg,
LF-216-N.jpg,
LF-217-N.jpg,
LF-218-N.jpg,
LF-219-N.jpg,
LF-220-N.jpg,
LF-221-N.jpg,
LF-222-N.jpg,
LF-223-N.jpg,
LF-224-N.jpg,
LF-225-N.jpg,
LF-226-N.jpg,
LF-227-N.jpg,
LF-228-N.jpg,
LF-229-N.jpg,
LF-230-N.jpg,
LF-231-N.jpg,
LF-232-N.jpg,
LF-233-N.jpg,
LF-234-N.jpg,
LF-235-N.jpg,
LF-236-N.jpg,
LF-237-N.jpg,
LF-238-N.jpg,
LF-239-N.jpg,
LF-240-N.jpg,
LF-241-N.jpg,
LF-242-N.jpg,
LF-243-N.jpg,
LF-244-N.jpg,
LF-245-N.jpg,
LF-246-N.jpg,
LF-247-N.jpg,
LF-248-N.jpg,
LF-249-N.jpg,
LF-250-N.jpg,
LF-251-N.jpg,
LF-252-N.jpg,
LF-253-N.jpg,
LF-254-N.jpg,
LF-255-N.jpg,
LM-200-N.jpg,
LM-201-N.jpg,
LM-202-N.jpg,
LM-203-N.jpg,
LM-204-N.jpg,
LM-206-N.jpg,
LM-207-N.jpg,
LM-208-N.jpg,
LM-209-N.jpg,
LM-210-N.jpg,
LM-211-N.jpg,
LM-212-N.jpg,
LM-213-N.jpg,
LM-214-N.jpg,
LM-215-N.jpg,
LM-216-N.jpg,
LM-217-N.jpg,
LM-218-N.jpg,
LM-219-N.jpg,
LM-220-N.jpg,
LM-221-N.jpg,
LM-222-N.jpg,
LM-223-N.jpg,
LM-224-N.jpg,
LM-225-N.jpg,
LM-226-N.jpg,
LM-227-N.jpg,
LM-228-N.jpg,
LM-229-N.jpg,
LM-230-N.jpg,
LM-231-N.jpg,
LM-232-N.jpg,
LM-233-N.jpg,
LM-234-N.jpg,
LM-235-N.jpg,
LM-236-N.jpg,
LM-237-N.jpg,
LM-238-N.jpg,
LM-239-N.jpg,
LM-240-N.jpg,
LM-241-N.jpg,
LM-242-N.jpg,
LM-243-N.jpg,
LM-244-N.jpg,
LM-246-N.jpg,
LM-247-N.jpg,
LM-248-N.jpg,
LM-249-N.jpg,
LM-250-N.jpg,
LM-251-N.jpg,
LM-252-N.jpg,
LM-253-N.jpg,
WF-200-N.jpg,
WF-201-N.jpg,
WF-202-N.jpg,
WF-203-N.jpg,
WF-204-N.jpg,
WF-205-N.jpg,
WF-206-N.jpg,
WF-207-N.jpg,
WF-208-N.jpg,
WF-209-N.jpg,
WF-210-N.jpg,
WF-211-N.jpg,
WF-212-N.jpg,
WF-213-N.jpg,
WF-214-N.jpg,
WF-215-N.jpg,
WF-216-N.jpg,
WF-217-N.jpg,
WF-218-N.jpg,
WF-219-N.jpg,
WF-220-N.jpg,
WF-221-N.jpg,
WF-222-N.jpg,
WF-223-N.jpg,
WF-224-N.jpg,
WF-225-N.jpg,
WF-226-N.jpg,
WF-227-N.jpg,
WF-228-N.jpg,
WF-229-N.jpg,
WF-230-N.jpg,
WF-231-N.jpg,
WF-232-N.jpg,
WF-233-N.jpg,
WF-234-N.jpg,
WF-235-N.jpg,
WF-236-N.jpg,
WF-237-N.jpg,
WF-238-N.jpg,
WF-239-N.jpg,
WF-240-N.jpg,
WF-241-N.jpg,
WF-242-N.jpg,
WF-243-N.jpg,
WF-244-N.jpg,
WF-245-N.jpg,
WF-246-N.jpg,
WF-247-N.jpg,
WF-248-N.jpg,
WF-249-N.jpg,
WF-250-N.jpg,
WF-251-N.jpg,
WF-252-N.jpg,
WM-001-N.jpg,
WM-002-N.jpg,
WM-003-N.jpg,
WM-004-N.jpg,
WM-006-N.jpg,
WM-009-N.jpg,
WM-010-N.jpg,
WM-011-N.jpg,
WM-012-N.jpg,
WM-013-N.jpg,
WM-014-N.jpg,
WM-015-N.jpg,
WM-016-N.jpg,
WM-017-N.jpg,
WM-018-N.jpg,
WM-019-N.jpg,
WM-020-N.jpg,
WM-021-N.jpg,
WM-022-N.jpg,
WM-023-N.jpg,
WM-024-N.jpg,
WM-025-N.jpg,
WM-026-N.jpg,
WM-028-N.jpg,
WM-029-N.jpg,
WM-031-N.jpg,
WM-032-N.jpg,
WM-033-N.jpg,
WM-034-N.jpg,
WM-035-N.jpg,
WM-036-N.jpg,
WM-037-N.jpg,
WM-038-N.jpg,
WM-039-N.jpg,
WM-040-N.jpg,
WM-041-N.jpg,
WM-219-N.jpg,
WM-220-N.jpg,
WM-221-N.jpg,
WM-222-N.jpg,
WM-223-N.jpg,
WM-224-N.jpg,
WM-225-N.jpg,
WM-227-N.jpg,
WM-228-N.jpg,
WM-229-N.jpg,
WM-230-N.jpg,
WM-231-N.jpg,
WM-232-N.jpg,
WM-233-N.jpg,
WM-234-N.jpg,
WM-235-N.jpg,
WM-236-N.jpg,
WM-237-N.jpg,
WM-238-N.jpg,
WM-239-N.jpg,
WM-240-N.jpg,
WM-241-N.jpg,
WM-242-N.jpg,
WM-243-N.jpg,
WM-244-N.jpg,
WM-245-N.jpg,
WM-247-N.jpg,
WM-248-N.jpg,
WM-249-N.jpg,
WM-250-N.jpg,
WM-251-N.jpg,
WM-252-N.jpg,
WM-253-N.jpg,
WM-254-N.jpg,
WM-255-N.jpg,
WM-256-N.jpg,
WM-257-N.jpg,
WM-258-N.jpg
